Statistic,Value
Mean,61.77357723577236
Median,0.0
Standard Deviation,294.28503801188
